lcl|ORF354_fragment12:48931:49077,WP_204777711.1,52.941,34,14,1,13,46,21,52,0.011,39.3,67.65
lcl|ORF361_fragment12:53524:53955,WP_006588303.1,87.500,128,16,0,16,143,1,128,5.68e-74,226,91.41
lcl|ORF361_fragment12:53524:53955,WP_151074706.1,86.719,128,17,0,16,143,1,128,2.88e-73,225,90.62
lcl|ORF361_fragment12:53524:53955,WP_269254580.1,82.031,128,23,0,16,143,1,128,1.22e-69,216,89.06
lcl|ORF361_fragment12:53524:53955,WP_027825295.1,81.250,128,24,0,16,143,1,128,1.77e-69,215,90.62
lcl|ORF361_fragment12:53524:53955,WP_167802735.1,81.250,128,24,0,16,143,1,128,4.16e-69,214,88.28
lcl|ORF361_fragment12:53524:53955,WP_034535734.1,80.469,128,25,0,16,143,1,128,1.75e-68,213,89.06
lcl|ORF361_fragment12:53524:53955,WP_006587538.1,79.688,128,26,0,16,143,1,128,8.96e-68,211,89.06
lcl|ORF361_fragment12:53524:53955,WP_007125661.1,66.935,124,41,0,20,143,6,129,5.31e-56,181,83.06
lcl|ORF361_fragment12:53524:53955,WP_003616470.1,64.341,129,46,0,15,143,1,129,1.44e-55,180,80.62
lcl|ORF361_fragment12:53524:53955,WP_201330195.1,64.341,129,46,0,15,143,1,129,3.41e-55,179,79.84
lcl|ORF361_fragment12:53524:53955,WP_013440305.1,63.566,129,47,0,15,143,1,129,5.06e-55,179,79.84
lcl|ORF361_fragment12:53524:53955,WP_236151891.1,63.566,129,47,0,15,143,1,129,5.12e-55,179,79.84
lcl|ORF361_fragment12:53524:53955,WP_138491027.1,63.566,129,47,0,15,143,1,129,6.03e-55,178,79.84
lcl|ORF361_fragment12:53524:53955,WP_050953007.1,63.566,129,47,0,15,143,1,129,1.05e-54,178,79.84
lcl|ORF361_fragment12:53524:53955,WP_094502839.1,65.323,124,43,0,20,143,6,129,1.05e-54,178,83.87
lcl|ORF361_fragment12:53524:53955,WP_236156927.1,63.566,129,47,0,15,143,1,129,1.20e-54,177,79.84
lcl|ORF361_fragment12:53524:53955,WP_191669720.1,63.566,129,47,0,15,143,1,129,1.20e-54,177,79.84
lcl|ORF361_fragment12:53524:53955,WP_003614176.1,63.566,129,47,0,15,143,1,129,1.21e-54,177,79.84
lcl|ORF361_fragment12:53524:53955,WP_008470812.1,65.323,124,43,0,20,143,6,129,1.24e-54,177,83.87
lcl|ORF361_fragment12:53524:53955,WP_231546018.1,63.566,129,47,0,15,143,1,129,1.39e-54,177,80.62
lcl|ORF361_fragment12:53524:53955,WP_259592619.1,65.323,124,43,0,20,143,6,129,1.64e-54,177,83.87
lcl|ORF361_fragment12:53524:53955,WP_077958915.1,64.516,124,44,0,20,143,6,129,1.73e-54,177,83.87
lcl|ORF361_fragment12:53524:53955,WP_020807834.1,64.516,124,44,0,20,143,6,129,2.27e-54,177,83.87
lcl|ORF361_fragment12:53524:53955,WP_025006178.1,65.323,124,43,0,20,143,6,129,2.32e-54,177,83.06
lcl|ORF361_fragment12:53524:53955,WP_152790771.1,62.791,129,48,0,15,143,1,129,4.57e-54,176,79.84
lcl|ORF361_fragment12:53524:53955,WP_035172771.1,63.566,129,47,0,15,143,1,129,5.32e-54,176,79.07
lcl|ORF361_fragment12:53524:53955,WP_086356416.1,62.791,129,48,0,15,143,1,129,6.77e-54,176,79.84
lcl|ORF361_fragment12:53524:53955,WP_204778479.1,64.516,124,44,0,20,143,6,129,7.48e-54,176,83.06
lcl|ORF361_fragment12:53524:53955,WP_231539310.1,62.791,129,48,0,15,143,1,129,7.64e-54,176,79.07
lcl|ORF361_fragment12:53524:53955,WP_242368321.1,63.200,125,46,0,19,143,5,129,1.11e-53,175,82.40
lcl|ORF361_fragment12:53524:53955,WP_236158929.1,62.791,129,48,0,15,143,1,129,1.26e-53,175,78.29
lcl|ORF361_fragment12:53524:53955,WP_188906156.1,64.516,124,44,0,20,143,6,129,1.47e-53,175,83.06
lcl|ORF361_fragment12:53524:53955,WP_087176653.1,64.516,124,44,0,20,143,6,129,2.60e-53,174,82.26
lcl|ORF361_fragment12:53524:53955,WP_232558065.1,62.016,129,49,0,15,143,1,129,3.69e-53,174,79.07
lcl|ORF361_fragment12:53524:53955,WP_144773541.1,64.228,123,44,0,20,142,6,128,3.82e-53,174,83.74
lcl|ORF361_fragment12:53524:53955,WP_014565411.1,62.016,129,49,0,15,143,1,129,5.30e-53,174,79.07
lcl|ORF361_fragment12:53524:53955,WP_103661824.1,63.710,124,45,0,20,143,6,129,6.24e-53,173,81.45
lcl|ORF361_fragment12:53524:53955,WP_050890819.1,62.016,129,49,0,15,143,1,129,8.39e-53,173,77.52
lcl|ORF361_fragment12:53524:53955,WP_231534340.1,62.500,128,48,0,15,142,1,128,2.13e-52,172,78.91
lcl|ORF361_fragment12:53524:53955,WP_008473871.1,61.240,129,50,0,15,143,1,129,2.86e-52,172,80.62
lcl|ORF361_fragment12:53524:53955,WP_231540262.1,61.719,128,49,0,15,142,1,128,7.56e-52,171,78.91
lcl|ORF361_fragment12:53524:53955,WP_231535006.1,61.240,129,50,0,15,143,1,129,8.17e-52,171,78.29
lcl|ORF361_fragment12:53524:53955,WP_130137840.1,61.719,128,49,0,15,142,1,128,1.03e-51,170,78.91
lcl|ORF361_fragment12:53524:53955,WP_009560071.1,61.600,125,48,0,19,143,5,129,5.19e-51,168,80.80
lcl|ORF361_fragment12:53524:53955,WP_006351218.1,60.000,125,50,0,19,143,5,129,8.39e-51,168,80.80
lcl|ORF361_fragment12:53524:53955,WP_005719082.1,62.791,129,48,0,15,143,1,129,9.57e-51,168,79.07
lcl|ORF361_fragment12:53524:53955,WP_133477643.1,62.791,129,48,0,15,143,1,129,1.13e-50,167,79.07
lcl|ORF361_fragment12:53524:53955,WP_126708830.1,62.791,129,48,0,15,143,1,129,1.14e-50,167,79.07
lcl|ORF361_fragment12:53524:53955,WP_240405854.1,62.791,129,48,0,15,143,1,129,1.73e-50,167,79.07
lcl|ORF361_fragment12:53524:53955,WP_005729468.1,62.016,129,49,0,15,143,1,129,1.82e-50,167,79.07
lcl|ORF361_fragment12:53524:53955,WP_123811749.1,62.791,129,48,0,15,143,1,129,2.06e-50,167,78.29
lcl|ORF361_fragment12:53524:53955,WP_035164150.1,62.016,129,49,0,15,143,1,129,2.40e-50,167,79.07
lcl|ORF361_fragment12:53524:53955,WP_133472114.1,61.240,129,50,0,15,143,1,129,4.01e-50,166,79.07
lcl|ORF361_fragment12:53524:53955,WP_080882034.1,60.000,125,50,0,19,143,5,129,6.85e-50,166,80.00
lcl|ORF361_fragment12:53524:53955,WP_195923209.1,62.016,129,49,0,15,143,1,129,8.62e-50,166,78.29
lcl|ORF361_fragment12:53524:53955,WP_224429353.1,59.690,129,52,0,15,143,1,129,8.72e-50,166,80.62
lcl|ORF361_fragment12:53524:53955,WP_198565841.1,60.465,129,51,0,15,143,1,129,9.41e-50,165,79.07
lcl|ORF361_fragment12:53524:53955,WP_198567005.1,61.240,129,50,0,15,143,1,129,1.20e-49,165,78.29
lcl|ORF361_fragment12:53524:53955,WP_118027395.1,60.465,129,51,0,15,143,1,129,1.44e-49,165,79.84
lcl|ORF361_fragment12:53524:53955,WP_133467467.1,61.240,129,50,0,15,143,1,129,1.64e-49,165,78.29
lcl|ORF361_fragment12:53524:53955,WP_170089157.1,58.915,129,53,0,15,143,1,129,2.28e-49,164,80.62
lcl|ORF361_fragment12:53524:53955,WP_056940359.1,59.690,129,52,0,15,143,1,129,2.66e-49,164,79.84
lcl|ORF361_fragment12:53524:53955,WP_005722846.1,60.465,129,51,0,15,143,1,129,2.81e-49,164,78.29
lcl|ORF361_fragment12:53524:53955,WP_240396808.1,60.465,129,51,0,15,143,1,129,2.94e-49,164,78.29
lcl|ORF361_fragment12:53524:53955,WP_048687108.1,64.348,115,41,0,29,143,1,115,3.20e-49,163,84.35
lcl|ORF361_fragment12:53524:53955,WP_150398137.1,60.465,129,51,0,15,143,1,129,3.50e-49,164,78.29
lcl|ORF361_fragment12:53524:53955,WP_150397780.1,60.465,129,51,0,15,143,1,129,4.17e-49,164,78.29
lcl|ORF361_fragment12:53524:53955,WP_212780263.1,60.000,125,50,0,19,143,4,128,4.76e-49,163,78.40
lcl|ORF361_fragment12:53524:53955,WP_014565850.1,60.800,125,49,0,19,143,10,134,4.98e-49,164,81.60
lcl|ORF361_fragment12:53524:53955,WP_242080312.1,58.915,129,53,0,15,143,1,129,5.24e-49,163,79.84
lcl|ORF361_fragment12:53524:53955,WP_209686269.1,64.000,125,45,0,19,143,5,129,6.18e-49,163,78.40
lcl|ORF361_fragment12:53524:53955,WP_198567763.1,59.690,129,52,0,15,143,1,129,1.84e-48,162,77.52
lcl|ORF361_fragment12:53524:53955,WP_068812762.1,60.465,129,51,0,15,143,1,129,1.97e-48,162,76.74
lcl|ORF361_fragment12:53524:53955,WP_136860552.1,60.484,124,49,0,19,142,10,133,2.84e-48,162,81.45
lcl|ORF361_fragment12:53524:53955,WP_180871144.1,61.207,116,45,0,28,143,15,130,6.07e-48,160,83.62
lcl|ORF361_fragment12:53524:53955,WP_204776440.1,61.207,116,45,0,28,143,15,130,6.77e-48,160,83.62
lcl|ORF361_fragment12:53524:53955,WP_135960309.1,60.000,125,46,1,19,143,5,125,2.53e-47,159,79.20
lcl|ORF361_fragment12:53524:53955,WP_025014555.1,59.200,125,51,0,19,143,10,134,2.66e-47,159,80.80
lcl|ORF361_fragment12:53524:53955,WP_009557760.1,58.400,125,52,0,19,143,5,129,7.14e-46,155,76.80
lcl|ORF361_fragment12:53524:53955,WP_008460882.1,58.400,125,52,0,19,143,5,129,8.14e-46,155,76.80
lcl|ORF361_fragment12:53524:53955,WP_154487536.1,58.400,125,52,0,19,143,5,129,8.98e-46,155,76.80
lcl|ORF361_fragment12:53524:53955,WP_021349417.1,57.937,126,52,1,19,143,6,131,1.08e-45,155,73.02
lcl|ORF361_fragment12:53524:53955,WP_049183413.1,57.937,126,52,1,19,143,6,131,2.26e-45,154,72.22
lcl|ORF361_fragment12:53524:53955,WP_013437953.1,57.600,125,53,0,19,143,10,134,2.89e-45,154,79.20
lcl|ORF361_fragment12:53524:53955,WP_130125067.1,57.143,126,53,1,19,143,6,131,5.08e-45,153,72.22
lcl|ORF361_fragment12:53524:53955,WP_003681855.1,57.143,126,53,1,19,143,6,131,6.60e-45,153,72.22
lcl|ORF361_fragment12:53524:53955,WP_249495020.1,57.143,126,53,1,19,143,6,131,6.82e-45,153,72.22
lcl|ORF361_fragment12:53524:53955,WP_114806544.1,56.349,126,54,1,19,143,6,131,1.10e-44,152,72.22
lcl|ORF361_fragment12:53524:53955,WP_076811577.1,59.483,116,47,0,28,143,16,131,1.30e-44,152,75.86
lcl|ORF361_fragment12:53524:53955,WP_263778057.1,57.143,126,53,1,19,143,6,131,1.36e-44,152,72.22
lcl|ORF361_fragment12:53524:53955,WP_057195449.1,56.349,126,54,1,19,143,6,131,1.66e-43,149,70.63
lcl|ORF361_fragment12:53524:53955,WP_093625440.1,54.762,126,56,1,19,143,6,131,2.03e-43,149,73.81
lcl|ORF361_fragment12:53524:53955,WP_135251970.1,57.759,116,49,0,28,143,16,131,6.63e-43,148,73.28
lcl|ORF361_fragment12:53524:53955,WP_104878048.1,55.556,126,55,1,19,143,6,131,1.03e-42,147,69.84
lcl|ORF361_fragment12:53524:53955,WP_267202494.1,54.310,116,53,0,28,143,14,129,1.00e-41,145,77.59
lcl|ORF361_fragment12:53524:53955,WP_204785899.1,56.897,116,50,0,28,143,14,129,3.38e-41,144,75.86
lcl|ORF361_fragment12:53524:53955,WP_193324292.1,55.556,126,54,2,19,143,6,130,5.47e-41,143,69.84
lcl|ORF361_fragment12:53524:53955,WP_062813160.1,52.800,125,59,0,19,143,5,129,8.31e-40,140,68.80
lcl|ORF361_fragment12:53524:53955,WP_003712026.1,52.000,125,60,0,19,143,5,129,1.30e-39,140,69.60
lcl|ORF361_fragment12:53524:53955,WP_007123767.1,52.000,125,60,0,19,143,5,129,1.58e-39,139,69.60
lcl|ORF418_fragment12:77710:77823,WP_269257749.1,84.615,26,4,0,1,26,1,26,5.37e-05,47.0,92.31
lcl|ORF418_fragment12:77710:77823,WP_244971185.1,70.968,31,7,1,5,33,1,31,0.006,42.0,74.19
lcl|ORF418_fragment12:77710:77823,WP_240409378.1,90.000,20,2,0,5,24,1,20,0.014,40.8,95.00
lcl|ORF418_fragment12:77710:77823,WP_250646760.1,81.818,22,4,0,5,26,1,22,0.015,40.8,90.91
lcl|ORF418_fragment12:77710:77823,WP_250647113.1,70.000,30,7,1,6,33,1,30,0.019,40.4,73.33
lcl|ORF418_fragment12:77710:77823,WP_244971187.1,100.000,18,0,0,5,22,1,18,0.028,40.0,100.00
lcl|ORF422_fragment12:78532:78819,WP_006588315.1,100.000,94,0,0,2,95,1,94,1.33e-63,196,100.00
lcl|ORF422_fragment12:78532:78819,WP_151141418.1,98.936,94,1,0,2,95,1,94,1.25e-62,194,98.94
lcl|ORF422_fragment12:78532:78819,WP_182581503.1,76.596,94,22,0,2,95,1,94,2.69e-47,155,86.17
lcl|ORF422_fragment12:78532:78819,WP_003716902.1,77.660,94,21,0,2,95,1,94,3.18e-47,155,86.17
lcl|ORF422_fragment12:78532:78819,WP_191912569.1,77.660,94,21,0,2,95,1,94,3.58e-47,155,86.17
lcl|ORF422_fragment12:78532:78819,WP_231795024.1,78.723,94,20,0,2,95,1,94,3.74e-47,154,87.23
lcl|ORF422_fragment12:78532:78819,WP_035157474.1,78.723,94,20,0,2,95,1,94,3.91e-47,154,87.23
lcl|ORF422_fragment12:78532:78819,WP_228341335.1,77.660,94,21,0,2,95,1,94,6.41e-47,154,87.23
lcl|ORF422_fragment12:78532:78819,WP_182578172.1,77.660,94,21,0,2,95,1,94,6.85e-47,154,87.23
lcl|ORF422_fragment12:78532:78819,WP_176942046.1,78.723,94,20,0,2,95,1,94,1.14e-46,153,86.17
lcl|ORF422_fragment12:78532:78819,WP_086142405.1,77.660,94,21,0,2,95,1,94,1.59e-46,153,87.23
lcl|ORF422_fragment12:78532:78819,WP_182600869.1,77.660,94,21,0,2,95,1,94,2.45e-46,152,87.23
lcl|ORF422_fragment12:78532:78819,WP_229285407.1,77.660,94,21,0,2,95,1,94,8.27e-46,151,86.17
lcl|ORF422_fragment12:78532:78819,WP_020843087.1,76.596,94,22,0,2,95,1,94,1.15e-45,151,86.17
lcl|ORF422_fragment12:78532:78819,WP_010078246.1,76.596,94,22,0,2,95,1,94,3.26e-45,150,84.04
lcl|ORF422_fragment12:78532:78819,WP_163588830.1,72.340,94,26,0,2,95,1,94,6.24e-44,146,82.98
lcl|ORF422_fragment12:78532:78819,WP_059378558.1,73.404,94,25,0,2,95,1,94,7.68e-44,146,85.11
lcl|ORF422_fragment12:78532:78819,WP_103242436.1,75.532,94,22,1,2,95,1,93,9.39e-44,146,82.98
lcl|ORF422_fragment12:78532:78819,WP_003651021.1,71.277,94,27,0,2,95,1,94,1.06e-43,146,84.04
lcl|ORF422_fragment12:78532:78819,WP_244055148.1,73.404,94,25,0,2,95,1,94,1.10e-43,146,81.91
lcl|ORF422_fragment12:78532:78819,WP_155692816.1,71.277,94,27,0,2,95,1,94,3.27e-43,145,82.98
lcl|ORF422_fragment12:78532:78819,WP_103083544.1,71.277,94,27,0,2,95,1,94,3.79e-43,144,84.04
lcl|ORF422_fragment12:78532:78819,WP_010579744.1,71.277,94,27,0,2,95,1,94,5.90e-43,144,84.04
lcl|ORF422_fragment12:78532:78819,WP_215703484.1,74.468,94,23,1,2,95,1,93,1.30e-42,143,81.91
lcl|ORF422_fragment12:78532:78819,WP_057870390.1,73.404,94,25,0,2,95,1,94,1.57e-42,143,81.91
lcl|ORF422_fragment12:78532:78819,WP_262069888.1,74.468,94,23,1,2,95,1,93,1.59e-42,143,81.91
lcl|ORF422_fragment12:78532:78819,WP_148126596.1,70.213,94,28,0,2,95,1,94,1.85e-42,143,84.04
lcl|ORF422_fragment12:78532:78819,WP_057829352.1,70.213,94,28,0,2,95,1,94,2.04e-42,142,85.11
lcl|ORF422_fragment12:78532:78819,WP_034442807.1,74.468,94,23,1,2,95,1,93,2.26e-42,142,82.98
lcl|ORF422_fragment12:78532:78819,WP_202583497.1,69.149,94,29,0,2,95,1,94,3.92e-42,142,85.11
lcl|ORF422_fragment12:78532:78819,WP_057873436.1,73.404,94,25,0,2,95,1,94,4.08e-42,142,79.79
lcl|ORF422_fragment12:78532:78819,WP_017260414.1,67.021,94,31,0,2,95,1,94,1.39e-41,140,84.04
lcl|ORF422_fragment12:78532:78819,WP_021356143.1,71.277,94,27,0,2,95,1,94,1.40e-41,140,82.98
lcl|ORF422_fragment12:78532:78819,WP_057904962.1,72.340,94,26,0,2,95,1,94,1.41e-41,140,81.91
lcl|ORF422_fragment12:78532:78819,WP_026656737.1,72.340,94,25,1,2,95,1,93,1.53e-41,140,80.85
lcl|ORF422_fragment12:78532:78819,WP_027822758.1,70.213,94,28,0,2,95,1,94,2.01e-41,140,82.98
lcl|ORF422_fragment12:78532:78819,WP_023599541.1,69.149,94,29,0,2,95,1,94,2.05e-41,140,81.91
lcl|ORF422_fragment12:78532:78819,WP_095076646.1,69.149,94,29,0,2,95,1,94,2.09e-41,140,81.91
lcl|ORF422_fragment12:78532:78819,WP_161004030.1,68.085,94,30,0,2,95,1,94,2.93e-41,140,82.98
lcl|ORF422_fragment12:78532:78819,WP_206463201.1,69.149,94,29,0,2,95,1,94,3.73e-41,139,84.04
lcl|ORF422_fragment12:78532:78819,WP_118531527.1,72.340,94,25,1,2,95,1,93,5.03e-41,139,81.91
lcl|ORF422_fragment12:78532:78819,WP_232208261.1,71.277,94,27,0,2,95,9,102,9.27e-41,139,77.66
lcl|ORF422_fragment12:78532:78819,WP_137607781.1,71.277,94,27,0,2,95,1,94,1.14e-40,138,78.72
lcl|ORF422_fragment12:78532:78819,WP_095182515.1,68.085,94,30,0,2,95,1,94,1.18e-40,138,80.85
lcl|ORF422_fragment12:78532:78819,WP_178913669.1,64.894,94,33,0,2,95,1,94,1.89e-40,138,82.98
lcl|ORF422_fragment12:78532:78819,WP_050337761.1,67.021,94,31,0,2,95,1,94,2.04e-40,137,84.04
lcl|ORF422_fragment12:78532:78819,WP_109334562.1,64.894,94,32,1,2,95,1,93,2.05e-40,137,81.91
lcl|ORF422_fragment12:78532:78819,WP_162899477.1,70.213,94,28,0,2,95,1,94,2.27e-40,137,81.91
lcl|ORF422_fragment12:78532:78819,WP_076461499.1,69.149,94,29,0,2,95,1,94,2.54e-40,137,79.79
lcl|ORF422_fragment12:78532:78819,WP_260202684.1,67.021,94,31,0,2,95,1,94,2.80e-40,137,84.04
lcl|ORF422_fragment12:78532:78819,WP_056972398.1,68.085,94,30,0,2,95,1,94,2.81e-40,137,80.85
lcl|ORF422_fragment12:78532:78819,WP_259690637.1,65.957,94,32,0,2,95,1,94,2.99e-40,137,84.04
lcl|ORF422_fragment12:78532:78819,WP_063722041.1,68.817,93,29,0,3,95,1,93,3.24e-40,137,82.80
lcl|ORF422_fragment12:78532:78819,WP_059073844.1,71.277,94,27,0,2,95,1,94,3.28e-40,137,79.79
lcl|ORF422_fragment12:78532:78819,WP_092337328.1,70.213,94,27,1,2,95,1,93,3.33e-40,137,79.79
lcl|ORF422_fragment12:78532:78819,WP_118911360.1,68.085,94,30,0,2,95,1,94,3.54e-40,137,79.79
lcl|ORF422_fragment12:78532:78819,WP_097774003.1,72.340,94,25,1,2,95,1,93,3.63e-40,137,79.79
lcl|ORF422_fragment12:78532:78819,WP_203634181.1,68.085,94,30,0,2,95,1,94,3.78e-40,137,81.91
lcl|ORF422_fragment12:78532:78819,WP_233541628.1,70.213,94,28,0,2,95,88,181,4.00e-40,140,80.85
lcl|ORF422_fragment12:78532:78819,WP_063723556.1,67.742,93,30,0,3,95,1,93,5.73e-40,136,82.80
lcl|ORF422_fragment12:78532:78819,WP_249515105.1,67.021,94,31,0,2,95,1,94,5.92e-40,136,81.91
lcl|ORF422_fragment12:78532:78819,WP_168924908.1,67.021,94,31,0,2,95,1,94,5.93e-40,136,82.98
lcl|ORF422_fragment12:78532:78819,WP_265484806.1,67.742,93,30,0,3,95,1,93,6.39e-40,136,82.80
lcl|ORF422_fragment12:78532:78819,WP_252269627.1,65.957,94,32,0,2,95,1,94,7.59e-40,136,84.04
lcl|ORF422_fragment12:78532:78819,WP_072524757.1,72.340,94,25,1,2,95,1,93,8.55e-40,136,78.72
lcl|ORF422_fragment12:78532:78819,WP_057961771.1,70.213,94,28,0,2,95,1,94,1.08e-39,136,79.79
lcl|ORF422_fragment12:78532:78819,WP_075060682.1,67.742,93,30,0,3,95,1,93,1.21e-39,135,82.80
lcl|ORF422_fragment12:78532:78819,WP_003943404.1,63.830,94,33,1,2,95,1,93,1.48e-39,135,80.85
lcl|ORF422_fragment12:78532:78819,WP_080234126.1,70.000,90,27,0,6,95,4,93,1.75e-39,135,83.33
lcl|ORF422_fragment12:78532:78819,WP_029605529.1,67.021,94,31,0,2,95,1,94,1.89e-39,135,79.79
lcl|ORF422_fragment12:78532:78819,WP_063852441.1,69.149,94,29,0,2,95,1,94,2.40e-39,135,81.91
lcl|ORF422_fragment12:78532:78819,WP_230792857.1,63.830,94,33,1,2,95,1,93,2.56e-39,135,81.91
lcl|ORF422_fragment12:78532:78819,WP_112301440.1,64.894,94,32,1,2,95,1,93,3.22e-39,134,80.85
lcl|ORF422_fragment12:78532:78819,WP_086200954.1,68.085,94,29,1,2,95,1,93,3.32e-39,134,81.91
lcl|ORF422_fragment12:78532:78819,WP_086141083.1,76.471,85,20,0,2,86,1,85,3.93e-39,134,85.88
lcl|ORF422_fragment12:78532:78819,WP_012690289.1,62.766,94,34,1,2,95,1,93,4.24e-39,134,80.85
lcl|ORF422_fragment12:78532:78819,WP_056936856.1,63.830,94,34,0,2,95,1,94,4.27e-39,134,79.79
lcl|ORF422_fragment12:78532:78819,WP_002683003.1,65.263,95,32,1,2,95,1,95,5.08e-39,134,85.26
lcl|ORF422_fragment12:78532:78819,WP_243125007.1,72.340,94,25,1,2,95,59,151,5.26e-39,136,78.72
lcl|ORF422_fragment12:78532:78819,WP_242856497.1,67.021,94,30,1,2,95,14,106,5.55e-39,134,84.04
lcl|ORF422_fragment12:78532:78819,WP_013702791.1,68.085,94,29,1,2,95,1,93,5.83e-39,134,79.79
lcl|ORF422_fragment12:78532:78819,WP_073115809.1,67.021,94,30,1,2,95,1,93,6.23e-39,134,84.04
lcl|ORF422_fragment12:78532:78819,WP_007297374.1,63.830,94,33,1,2,95,1,93,6.95e-39,134,79.79
lcl|ORF422_fragment12:78532:78819,WP_221776781.1,63.830,94,33,1,2,95,4,96,7.19e-39,134,80.85
lcl|ORF422_fragment12:78532:78819,WP_063494261.1,67.021,94,31,0,2,95,1,94,8.76e-39,134,79.79
lcl|ORF422_fragment12:78532:78819,WP_206030029.1,62.766,94,34,1,2,95,13,105,9.12e-39,134,80.85
lcl|ORF422_fragment12:78532:78819,WP_054248704.1,63.830,94,33,1,2,95,1,93,1.05e-38,133,80.85
lcl|ORF422_fragment12:78532:78819,WP_144288795.1,62.766,94,34,1,2,95,1,93,1.19e-38,133,79.79
lcl|ORF422_fragment12:78532:78819,WP_192378936.1,62.766,94,34,1,2,95,1,93,2.40e-38,132,79.79
lcl|ORF422_fragment12:78532:78819,WP_135690586.1,64.894,94,32,1,2,95,1,93,2.59e-38,132,77.66
lcl|ORF422_fragment12:78532:78819,WP_253673564.1,65.957,94,31,1,2,95,1,93,3.33e-38,132,79.79
lcl|ORF422_fragment12:78532:78819,WP_213016531.1,61.702,94,35,1,2,95,13,105,3.59e-38,132,80.85
lcl|ORF422_fragment12:78532:78819,WP_044014123.1,65.957,94,31,1,2,95,1,93,4.20e-38,132,79.79
lcl|ORF422_fragment12:78532:78819,WP_099413772.1,68.085,94,29,1,2,95,1,93,4.68e-38,132,80.85
lcl|ORF422_fragment12:78532:78819,WP_242349528.1,67.021,94,30,1,2,95,1,93,4.89e-38,132,80.85
lcl|ORF422_fragment12:78532:78819,WP_210121486.1,65.957,94,31,1,2,95,1,93,5.34e-38,131,78.72
lcl|ORF422_fragment12:78532:78819,WP_179974869.1,65.957,94,32,0,2,95,1,94,5.59e-38,131,79.79
lcl|ORF422_fragment12:78532:78819,WP_099392431.1,68.085,94,29,1,2,95,1,93,6.03e-38,131,80.85
lcl|ORF422_fragment12:78532:78819,WP_034426888.1,63.830,94,33,1,2,95,1,93,6.73e-38,131,79.79
lcl|ORF422_fragment12:78532:78819,WP_189439759.1,63.830,94,33,1,2,95,1,93,7.42e-38,131,77.66
lcl|ORF424_fragment12:79387:80070,WP_006585381.1,100.000,204,0,0,25,228,1,204,7.19e-142,405,100.00
lcl|ORF424_fragment12:79387:80070,WP_006587527.1,97.059,204,6,0,25,228,1,204,4.07e-138,395,98.53
lcl|ORF424_fragment12:79387:80070,WP_269255153.1,96.078,204,8,0,25,228,1,204,1.14e-137,394,98.53
lcl|ORF424_fragment12:79387:80070,WP_027825029.1,86.275,204,28,0,25,228,1,204,7.04e-124,360,94.12
lcl|ORF424_fragment12:79387:80070,WP_009559191.1,77.041,196,45,0,33,228,5,200,1.34e-107,318,91.33
lcl|ORF424_fragment12:79387:80070,WP_008472895.1,78.238,193,42,0,36,228,8,200,1.40e-106,316,92.23
lcl|ORF424_fragment12:79387:80070,WP_080880966.1,72.414,203,56,0,26,228,3,205,5.07e-105,312,88.18
lcl|ORF424_fragment12:79387:80070,WP_006352616.1,73.039,204,54,1,26,228,3,206,2.59e-104,310,87.25
lcl|ORF424_fragment12:79387:80070,WP_008471417.1,71.078,204,59,0,25,228,1,204,5.94e-104,309,87.25
lcl|ORF424_fragment12:79387:80070,WP_054832950.1,73.367,199,53,0,30,228,4,202,7.87e-104,309,89.45
lcl|ORF424_fragment12:79387:80070,WP_025081292.1,72.500,200,55,0,29,228,3,202,1.59e-103,308,90.50
lcl|ORF424_fragment12:79387:80070,WP_144855663.1,72.500,200,55,0,29,228,3,202,1.62e-103,308,89.50
lcl|ORF424_fragment12:79387:80070,WP_095342217.1,72.864,199,54,0,30,228,4,202,1.81e-103,308,88.44
lcl|ORF424_fragment12:79387:80070,WP_098036050.1,72.864,199,54,0,30,228,4,202,2.38e-103,308,89.45
lcl|ORF424_fragment12:79387:80070,WP_061205003.1,72.864,199,54,0,30,228,4,202,2.43e-103,308,89.45
lcl|ORF424_fragment12:79387:80070,WP_013085598.1,72.864,199,54,0,30,228,4,202,2.43e-103,308,89.45
lcl|ORF424_fragment12:79387:80070,WP_198565449.1,72.362,199,55,0,30,228,4,202,3.64e-103,307,89.95
lcl|ORF424_fragment12:79387:80070,WP_103660568.1,71.429,203,58,0,26,228,3,205,5.08e-103,307,87.68
lcl|ORF424_fragment12:79387:80070,WP_188891708.1,72.864,199,54,0,30,228,4,202,6.03e-103,306,87.94
lcl|ORF424_fragment12:79387:80070,WP_013854909.1,72.864,199,54,0,30,228,4,202,6.75e-103,306,87.94
lcl|ORF424_fragment12:79387:80070,WP_201247586.1,73.869,199,52,0,30,228,4,202,7.02e-103,306,89.45
lcl|ORF424_fragment12:79387:80070,WP_054640300.1,72.864,199,54,0,30,228,4,202,7.75e-103,306,87.94
lcl|ORF424_fragment12:79387:80070,WP_170073526.1,73.000,200,54,0,29,228,3,202,1.37e-102,306,89.50
lcl|ORF424_fragment12:79387:80070,WP_072749172.1,74.372,199,51,0,30,228,4,202,1.75e-102,305,87.94
lcl|ORF424_fragment12:79387:80070,WP_172998147.1,74.372,199,51,0,30,228,4,202,2.01e-102,305,87.94
lcl|ORF424_fragment12:79387:80070,WP_220028974.1,74.874,199,50,0,30,228,4,202,2.27e-102,305,87.44
lcl|ORF424_fragment12:79387:80070,WP_244040290.1,72.864,199,54,0,30,228,4,202,2.88e-102,305,87.44
lcl|ORF424_fragment12:79387:80070,WP_216695488.1,74.372,199,51,0,30,228,4,202,3.19e-102,305,87.94
lcl|ORF424_fragment12:79387:80070,WP_005729243.1,73.869,199,52,0,30,228,4,202,3.32e-102,305,88.94
lcl|ORF424_fragment12:79387:80070,WP_172997915.1,74.372,199,51,0,30,228,4,202,5.05e-102,304,87.44
lcl|ORF424_fragment12:79387:80070,WP_223902255.1,70.352,199,59,0,30,228,4,202,5.50e-102,304,89.45
lcl|ORF424_fragment12:79387:80070,WP_023191121.1,74.372,199,51,0,30,228,4,202,6.86e-102,304,87.44
lcl|ORF424_fragment12:79387:80070,WP_056969916.1,72.500,200,55,0,29,228,3,202,7.98e-102,304,89.00
lcl|ORF424_fragment12:79387:80070,WP_172994948.1,74.372,199,51,0,30,228,4,202,8.82e-102,303,86.93
lcl|ORF424_fragment12:79387:80070,WP_172987250.1,73.869,199,52,0,30,228,4,202,1.10e-101,303,87.44
lcl|ORF424_fragment12:79387:80070,WP_172981398.1,73.869,199,52,0,30,228,4,202,1.11e-101,303,87.44
lcl|ORF424_fragment12:79387:80070,WP_005721064.1,71.859,199,56,0,30,228,4,202,1.12e-101,303,89.45
lcl|ORF424_fragment12:79387:80070,WP_003624860.1,74.372,199,51,0,30,228,4,202,1.12e-101,303,86.93
lcl|ORF424_fragment12:79387:80070,WP_014917999.1,74.372,199,51,0,30,228,4,202,1.15e-101,303,87.44
lcl|ORF424_fragment12:79387:80070,WP_144354493.1,70.098,204,61,0,25,228,1,204,1.28e-101,303,89.22
lcl|ORF424_fragment12:79387:80070,WP_060462101.1,71.859,199,56,0,30,228,4,202,1.31e-101,303,89.45
lcl|ORF424_fragment12:79387:80070,WP_054607114.1,73.869,199,52,0,30,228,4,202,1.31e-101,303,87.44
lcl|ORF424_fragment12:79387:80070,WP_087176501.1,73.869,199,52,0,30,228,4,202,1.38e-101,303,86.93
lcl|ORF424_fragment12:79387:80070,WP_120357035.1,74.372,199,51,0,30,228,4,202,1.51e-101,303,87.44
lcl|ORF424_fragment12:79387:80070,WP_230318948.1,70.297,202,60,0,27,228,2,203,1.56e-101,303,88.12
lcl|ORF424_fragment12:79387:80070,WP_097550810.1,74.372,199,51,0,30,228,4,202,1.57e-101,303,86.93
lcl|ORF424_fragment12:79387:80070,WP_265893394.1,69.849,199,60,0,30,228,4,202,2.16e-101,303,89.45
lcl|ORF424_fragment12:79387:80070,WP_201873420.1,73.869,199,52,0,30,228,4,202,2.16e-101,303,86.43
lcl|ORF424_fragment12:79387:80070,WP_172994734.1,73.869,199,52,0,30,228,4,202,3.07e-101,302,87.44
lcl|ORF424_fragment12:79387:80070,WP_220022158.1,73.869,199,52,0,30,228,4,202,3.21e-101,302,86.93
lcl|ORF424_fragment12:79387:80070,WP_063507234.1,72.000,200,56,0,29,228,3,202,4.08e-101,302,88.50
lcl|ORF424_fragment12:79387:80070,WP_003656878.1,69.802,202,61,0,27,228,1,202,4.17e-101,302,88.61
lcl|ORF424_fragment12:79387:80070,WP_014562777.1,73.869,199,52,0,30,228,4,202,4.76e-101,302,86.93
lcl|ORF424_fragment12:79387:80070,WP_259685250.1,73.367,199,53,0,30,228,4,202,4.76e-101,302,87.44
lcl|ORF424_fragment12:79387:80070,WP_240395342.1,71.357,199,57,0,30,228,4,202,5.18e-101,301,88.94
lcl|ORF424_fragment12:79387:80070,WP_046813739.1,73.869,199,52,0,30,228,4,202,5.31e-101,301,87.44
lcl|ORF424_fragment12:79387:80070,WP_098036443.1,73.367,199,53,0,30,228,4,202,5.61e-101,301,86.93
lcl|ORF424_fragment12:79387:80070,WP_206488496.1,72.500,200,55,0,29,228,3,202,5.72e-101,301,88.00
lcl|ORF424_fragment12:79387:80070,WP_220024882.1,72.864,199,54,0,30,228,4,202,6.12e-101,301,87.44
lcl|ORF424_fragment12:79387:80070,WP_173009634.1,73.367,199,53,0,30,228,4,202,6.46e-101,301,87.44
lcl|ORF424_fragment12:79387:80070,WP_103658713.1,73.869,199,52,0,30,228,4,202,6.68e-101,301,87.44
lcl|ORF424_fragment12:79387:80070,WP_172984903.1,73.367,199,53,0,30,228,4,202,7.13e-101,301,87.44
lcl|ORF424_fragment12:79387:80070,WP_199282377.1,69.849,199,60,0,30,228,4,202,7.86e-101,301,88.94
lcl|ORF424_fragment12:79387:80070,WP_038520460.1,71.212,198,57,0,31,228,5,202,7.94e-101,301,88.38
lcl|ORF424_fragment12:79387:80070,WP_122051706.1,70.352,199,59,0,30,228,4,202,8.21e-101,301,89.45
lcl|ORF424_fragment12:79387:80070,WP_060459001.1,72.000,200,56,0,29,228,3,202,9.26e-101,301,89.00
lcl|ORF424_fragment12:79387:80070,WP_101891005.1,70.854,199,58,0,30,228,4,202,9.36e-101,301,88.44
lcl|ORF424_fragment12:79387:80070,WP_020828866.1,73.869,199,52,0,30,228,4,202,1.06e-100,301,86.93
lcl|ORF424_fragment12:79387:80070,WP_046323985.1,69.849,199,60,0,30,228,4,202,1.13e-100,301,89.45
lcl|ORF424_fragment12:79387:80070,WP_011678716.1,69.307,202,62,0,27,228,1,202,1.45e-100,300,88.12
lcl|ORF424_fragment12:79387:80070,WP_251912380.1,69.802,202,61,0,27,228,1,202,1.73e-100,301,88.61
lcl|ORF424_fragment12:79387:80070,WP_094499261.1,69.802,202,61,0,27,228,1,202,1.89e-100,300,88.12
lcl|ORF424_fragment12:79387:80070,WP_057730711.1,73.367,199,53,0,30,228,4,202,1.95e-100,300,86.93
lcl|ORF424_fragment12:79387:80070,WP_269259968.1,69.307,202,62,0,27,228,1,202,2.08e-100,300,88.12
lcl|ORF424_fragment12:79387:80070,WP_012211209.1,73.869,199,52,0,30,228,4,202,2.18e-100,300,86.93
lcl|ORF424_fragment12:79387:80070,WP_152724514.1,72.864,199,54,0,30,228,4,202,2.20e-100,300,86.93
lcl|ORF424_fragment12:79387:80070,WP_186462177.1,69.307,202,62,0,27,228,1,202,2.27e-100,300,88.61
lcl|ORF424_fragment12:79387:80070,WP_109585636.1,69.849,199,60,0,30,228,4,202,2.35e-100,300,89.45
lcl|ORF424_fragment12:79387:80070,WP_110561466.1,73.367,199,53,0,30,228,4,202,2.54e-100,300,86.93
lcl|ORF424_fragment12:79387:80070,WP_205840436.1,72.864,199,54,0,30,228,4,202,2.54e-100,300,87.44
lcl|ORF424_fragment12:79387:80070,WP_023061694.1,73.367,199,53,0,30,228,4,202,2.59e-100,300,86.93
lcl|ORF424_fragment12:79387:80070,WP_260309555.1,73.869,199,52,0,30,228,4,202,2.62e-100,300,86.43
lcl|ORF424_fragment12:79387:80070,WP_144841835.1,69.307,202,62,0,27,228,1,202,2.80e-100,300,88.12
lcl|ORF424_fragment12:79387:80070,WP_057718490.1,69.307,202,62,0,27,228,1,202,2.95e-100,300,88.12
lcl|ORF424_fragment12:79387:80070,WP_101853674.1,73.367,199,53,0,30,228,4,202,3.02e-100,300,86.93
lcl|ORF424_fragment12:79387:80070,WP_003631750.1,73.869,199,52,0,30,228,4,202,3.06e-100,300,86.43
lcl|ORF424_fragment12:79387:80070,WP_269255708.1,69.307,202,62,0,27,228,1,202,3.60e-100,300,87.62
lcl|ORF424_fragment12:79387:80070,WP_165708797.1,74.242,198,51,0,31,228,5,202,3.89e-100,300,86.36
lcl|ORF424_fragment12:79387:80070,WP_003651638.1,69.307,202,62,0,27,228,1,202,3.93e-100,299,87.62
lcl|ORF424_fragment12:79387:80070,WP_201726876.1,73.367,199,53,0,30,228,4,202,4.24e-100,299,86.43
lcl|ORF424_fragment12:79387:80070,WP_201725370.1,73.367,199,53,0,30,228,4,202,4.39e-100,299,86.93
lcl|ORF424_fragment12:79387:80070,WP_260306892.1,73.367,199,53,0,30,228,4,202,4.39e-100,299,86.43
lcl|ORF424_fragment12:79387:80070,WP_240408268.1,72.864,199,54,0,30,228,4,202,4.63e-100,299,88.44
lcl|ORF424_fragment12:79387:80070,WP_244061363.1,73.367,199,53,0,30,228,4,202,4.89e-100,299,86.93
lcl|ORF424_fragment12:79387:80070,WP_034978650.1,69.849,199,60,0,30,228,4,202,5.28e-100,299,88.94
lcl|ORF424_fragment12:79387:80070,WP_045927259.1,69.849,199,60,0,30,228,4,202,6.36e-100,299,88.94
lcl|ORF424_fragment12:79387:80070,WP_109917811.1,70.707,198,58,0,31,228,5,202,6.36e-100,299,87.88
lcl|ORF424_fragment12:79387:80070,WP_267271332.1,70.707,198,58,0,31,228,5,202,7.09e-100,299,87.88
lcl|ORF424_fragment12:79387:80070,WP_187159499.1,70.707,198,58,0,31,228,5,202,1.05e-99,298,87.88
lcl|ORF424_fragment12:79387:80070,WP_004039865.1,72.222,198,55,0,31,228,8,205,1.42e-99,298,86.87
lcl|ORF428_fragment12:2339:2602,WP_006585447.1,76.744,43,10,0,45,87,1,43,8.35e-14,70.5,95.35
lcl|ORF428_fragment12:2339:2602,WP_167802508.1,74.419,43,11,0,45,87,1,43,1.06e-13,70.1,93.02
lcl|ORF428_fragment12:2339:2602,WP_006586138.1,74.419,43,11,0,45,87,1,43,1.24e-13,70.1,93.02
lcl|ORF428_fragment12:2339:2602,WP_269254542.1,72.093,43,12,0,45,87,1,43,2.77e-13,68.9,93.02
lcl|ORF428_fragment12:2339:2602,WP_224787927.1,75.000,40,10,0,45,84,1,40,6.99e-12,64.3,95.00
lcl|ORF428_fragment12:2339:2602,WP_010008908.1,51.163,43,21,0,45,87,1,43,4.14e-07,53.1,79.07
lcl|ORF428_fragment12:2339:2602,WP_146989381.1,51.163,43,21,0,45,87,1,43,4.19e-07,53.1,79.07
lcl|ORF428_fragment12:2339:2602,WP_260203332.1,46.512,43,23,0,45,87,1,43,6.40e-06,50.4,79.07
lcl|ORF428_fragment12:2339:2602,WP_063487701.1,46.512,43,23,0,45,87,1,43,6.54e-06,50.1,79.07
lcl|ORF428_fragment12:2339:2602,WP_022087230.1,46.512,43,23,0,45,87,1,43,8.66e-06,50.1,81.40
lcl|ORF428_fragment12:2339:2602,WP_013438414.1,46.512,43,23,0,45,87,1,43,9.24e-06,50.1,81.40
lcl|ORF428_fragment12:2339:2602,WP_070083766.1,44.186,43,24,0,45,87,1,43,9.33e-06,50.1,81.40
lcl|ORF428_fragment12:2339:2602,WP_201245672.1,46.512,43,23,0,45,87,1,43,1.39e-05,49.7,79.07
lcl|ORF428_fragment12:2339:2602,WP_180895927.1,46.512,43,23,0,45,87,1,43,1.49e-05,49.7,79.07
lcl|ORF428_fragment12:2339:2602,WP_003687947.1,46.512,43,23,0,45,87,1,43,3.45e-05,48.9,76.74
lcl|ORF428_fragment12:2339:2602,WP_057817351.1,44.186,43,24,0,45,87,1,43,4.13e-05,48.5,74.42
lcl|ORF428_fragment12:2339:2602,WP_027822949.1,44.186,43,24,0,45,87,1,43,4.13e-05,48.5,76.74
lcl|ORF428_fragment12:2339:2602,WP_216770690.1,44.186,43,24,0,45,87,1,43,4.50e-05,48.5,76.74
lcl|ORF428_fragment12:2339:2602,WP_141054842.1,46.512,43,23,0,45,87,1,43,4.66e-05,48.5,76.74
lcl|ORF428_fragment12:2339:2602,WP_223389492.1,46.512,43,23,0,45,87,1,43,4.71e-05,48.5,76.74
lcl|ORF428_fragment12:2339:2602,WP_216748691.1,44.186,43,24,0,45,87,1,43,4.75e-05,48.1,76.74
lcl|ORF428_fragment12:2339:2602,WP_022638610.1,44.186,43,24,0,45,87,1,43,4.75e-05,48.1,76.74
lcl|ORF428_fragment12:2339:2602,WP_154546927.1,44.186,43,24,0,45,87,1,43,4.80e-05,48.1,76.74
lcl|ORF428_fragment12:2339:2602,WP_057870147.1,46.512,43,23,0,45,87,1,43,4.91e-05,48.5,76.74
lcl|ORF428_fragment12:2339:2602,WP_236155048.1,41.860,43,25,0,45,87,1,43,5.27e-05,48.1,79.07
lcl|ORF428_fragment12:2339:2602,WP_086356381.1,41.860,43,25,0,45,87,1,43,5.38e-05,48.1,79.07
lcl|ORF428_fragment12:2339:2602,WP_125553465.1,44.186,43,24,0,45,87,1,43,7.23e-05,47.8,76.74
lcl|ORF428_fragment12:2339:2602,WP_146419724.1,41.860,43,25,0,45,87,1,43,8.55e-05,47.8,76.74
lcl|ORF428_fragment12:2339:2602,WP_065989641.1,46.512,43,23,0,45,87,1,43,1.11e-04,47.4,76.74
lcl|ORF428_fragment12:2339:2602,WP_056970086.1,46.512,43,23,0,45,87,1,43,1.63e-04,47.0,76.74
lcl|ORF428_fragment12:2339:2602,WP_206487280.1,46.512,43,23,0,45,87,1,43,1.70e-04,46.6,76.74
lcl|ORF428_fragment12:2339:2602,WP_060459786.1,46.512,43,23,0,45,87,1,43,1.83e-04,46.6,76.74
lcl|ORF428_fragment12:2339:2602,WP_137634473.1,41.860,43,25,0,45,87,1,43,2.01e-04,46.6,74.42
lcl|ORF428_fragment12:2339:2602,WP_137640498.1,41.860,43,25,0,45,87,1,43,2.24e-04,46.2,74.42
lcl|ORF428_fragment12:2339:2602,WP_057770375.1,41.860,43,25,0,45,87,1,43,2.42e-04,46.6,72.09
lcl|ORF428_fragment12:2339:2602,WP_071452867.1,41.860,43,25,0,45,87,1,43,2.57e-04,46.2,74.42
lcl|ORF428_fragment12:2339:2602,WP_002823101.1,41.860,43,25,0,45,87,1,43,2.61e-04,46.2,74.42
lcl|ORF428_fragment12:2339:2602,WP_054649105.1,39.535,43,26,0,45,87,1,43,2.88e-04,46.2,76.74
lcl|ORF428_fragment12:2339:2602,WP_008461876.1,41.860,43,25,0,45,87,1,43,3.01e-04,46.2,76.74
lcl|ORF428_fragment12:2339:2602,WP_054668261.1,41.860,43,25,0,45,87,1,43,3.10e-04,46.2,76.74
lcl|ORF428_fragment12:2339:2602,WP_057799824.1,41.860,43,25,0,45,87,1,43,3.49e-04,46.2,74.42
lcl|ORF428_fragment12:2339:2602,WP_070488238.1,39.535,43,26,0,45,87,1,43,4.19e-04,45.8,76.74
lcl|ORF428_fragment12:2339:2602,WP_194959288.1,39.535,43,26,0,45,87,1,43,4.22e-04,45.8,74.42
lcl|ORF428_fragment12:2339:2602,WP_047677663.1,41.860,43,25,0,45,87,1,43,4.41e-04,45.8,74.42
lcl|ORF428_fragment12:2339:2602,WP_007126917.1,44.186,43,24,0,45,87,1,43,4.94e-04,45.8,76.74
lcl|ORF428_fragment12:2339:2602,WP_127849444.1,44.186,43,24,0,45,87,1,43,5.00e-04,45.4,74.42
lcl|ORF428_fragment12:2339:2602,WP_223602916.1,39.535,43,26,0,45,87,1,43,5.01e-04,45.8,74.42
lcl|ORF428_fragment12:2339:2602,WP_010009884.1,39.535,43,26,0,45,87,1,43,5.17e-04,45.4,74.42
lcl|ORF428_fragment12:2339:2602,WP_055126636.1,39.535,43,26,0,45,87,1,43,5.22e-04,45.4,74.42
lcl|ORF428_fragment12:2339:2602,WP_215649622.1,39.535,43,26,0,45,87,1,43,5.28e-04,45.4,74.42
lcl|ORF428_fragment12:2339:2602,WP_003661535.1,39.535,43,26,0,45,87,1,43,5.28e-04,45.4,74.42
lcl|ORF428_fragment12:2339:2602,WP_074030259.1,39.535,43,26,0,45,87,1,43,5.45e-04,45.4,74.42
lcl|ORF428_fragment12:2339:2602,WP_003563330.1,39.535,43,26,0,45,87,1,43,5.51e-04,45.4,74.42
lcl|ORF428_fragment12:2339:2602,WP_003604341.1,39.535,43,26,0,45,87,1,43,5.69e-04,45.4,74.42
lcl|ORF428_fragment12:2339:2602,WP_013853608.1,44.186,43,24,0,45,87,1,43,5.70e-04,45.4,79.07
lcl|ORF428_fragment12:2339:2602,WP_123157119.1,39.535,43,26,0,45,87,1,43,5.81e-04,45.4,74.42
lcl|ORF428_fragment12:2339:2602,WP_096877573.1,41.860,43,25,0,45,87,1,43,5.91e-04,45.4,74.42
lcl|ORF428_fragment12:2339:2602,WP_155286869.1,41.860,43,25,0,45,87,1,43,5.93e-04,45.4,74.42
lcl|ORF428_fragment12:2339:2602,WP_262865731.1,39.535,43,26,0,45,87,1,43,5.94e-04,45.4,74.42
lcl|ORF428_fragment12:2339:2602,WP_016381331.1,39.535,43,26,0,45,87,1,43,6.15e-04,45.4,74.42
lcl|ORF428_fragment12:2339:2602,WP_012490978.1,39.535,43,26,0,45,87,1,43,6.28e-04,45.4,74.42
lcl|ORF428_fragment12:2339:2602,WP_098045711.1,44.186,43,24,0,45,87,1,43,6.39e-04,45.4,76.74
lcl|ORF428_fragment12:2339:2602,WP_129320075.1,39.535,43,26,0,45,87,1,43,6.77e-04,45.1,74.42
lcl|ORF428_fragment12:2339:2602,WP_186413979.1,42.500,40,23,0,48,87,4,43,8.15e-04,45.1,75.00
lcl|ORF428_fragment12:2339:2602,WP_260274987.1,39.535,43,26,0,45,87,1,43,8.36e-04,45.1,74.42
lcl|ORF428_fragment12:2339:2602,WP_125710510.1,36.585,41,26,0,45,85,1,41,8.50e-04,45.1,80.49
lcl|ORF428_fragment12:2339:2602,WP_018380725.1,43.902,41,23,0,45,85,1,41,8.83e-04,44.7,78.05
lcl|ORF428_fragment12:2339:2602,WP_071448978.1,39.535,43,26,0,45,87,1,43,0.001,44.7,74.42
lcl|ORF428_fragment12:2339:2602,WP_062710568.1,43.902,41,23,0,45,85,1,41,0.001,44.7,78.05
lcl|ORF428_fragment12:2339:2602,WP_173009581.1,44.186,43,24,0,45,87,1,43,0.001,44.7,74.42
lcl|ORF428_fragment12:2339:2602,WP_124977754.1,39.535,43,26,0,45,87,1,43,0.001,44.3,74.42
lcl|ORF428_fragment12:2339:2602,WP_220031703.1,44.186,43,24,0,45,87,1,43,0.002,44.3,74.42
lcl|ORF428_fragment12:2339:2602,WP_014918322.1,44.186,43,24,0,45,87,1,43,0.002,44.3,74.42
lcl|ORF428_fragment12:2339:2602,WP_172995283.1,44.186,43,24,0,45,87,1,43,0.002,44.3,74.42
lcl|ORF428_fragment12:2339:2602,WP_041500223.1,39.535,43,26,0,45,87,1,43,0.002,43.9,72.09
lcl|ORF428_fragment12:2339:2602,WP_161980825.1,46.512,43,23,0,45,87,1,43,0.002,43.5,69.77
lcl|ORF428_fragment12:2339:2602,WP_017770241.1,43.902,41,23,0,45,85,1,41,0.002,43.5,78.05
lcl|ORF428_fragment12:2339:2602,WP_149591200.1,37.209,43,27,0,45,87,1,43,0.002,43.9,72.09
lcl|ORF428_fragment12:2339:2602,WP_007746602.1,39.535,43,26,0,45,87,1,43,0.003,43.5,74.42
lcl|ORF428_fragment12:2339:2602,WP_156805245.1,46.512,43,23,0,45,87,1,43,0.003,43.5,69.77
lcl|ORF428_fragment12:2339:2602,WP_162012141.1,46.512,43,23,0,45,87,1,43,0.003,43.1,69.77
lcl|ORF428_fragment12:2339:2602,WP_057872134.1,41.860,43,25,0,45,87,1,43,0.005,43.1,74.42
lcl|ORF428_fragment12:2339:2602,WP_231521504.1,37.209,43,27,0,45,87,1,43,0.006,42.7,74.42
lcl|ORF428_fragment12:2339:2602,WP_074627699.1,39.535,43,26,0,45,87,1,43,0.006,42.4,69.77
lcl|ORF428_fragment12:2339:2602,WP_112384781.1,44.186,43,24,0,45,87,1,43,0.007,42.4,72.09
lcl|ORF428_fragment12:2339:2602,WP_117276398.1,44.186,43,24,0,45,87,1,43,0.007,42.4,72.09
lcl|ORF428_fragment12:2339:2602,WP_074482727.1,41.860,43,25,0,45,87,1,43,0.008,42.0,69.77
lcl|ORF428_fragment12:2339:2602,WP_018376833.1,37.209,43,27,0,45,87,1,43,0.010,42.0,74.42
lcl|ORF428_fragment12:2339:2602,WP_115263505.1,44.186,43,24,0,45,87,1,43,0.010,42.0,69.77
lcl|ORF428_fragment12:2339:2602,WP_039697442.1,39.535,43,26,0,45,87,1,43,0.019,41.2,69.77
lcl|ORF428_fragment12:2339:2602,WP_003067854.1,39.535,43,26,0,45,87,1,43,0.020,41.2,67.44
lcl|ORF428_fragment12:2339:2602,WP_258255464.1,39.535,43,26,0,45,87,1,43,0.020,41.2,69.77
lcl|ORF428_fragment12:2339:2602,WP_117283323.1,44.186,43,24,0,45,87,1,43,0.020,41.2,69.77
lcl|ORF428_fragment12:2339:2602,WP_127824434.1,37.209,43,27,0,45,87,1,43,0.020,41.6,69.77
lcl|ORF428_fragment12:2339:2602,WP_018364176.1,41.860,43,25,0,45,87,1,43,0.021,41.2,72.09
lcl|ORF428_fragment12:2339:2602,WP_243602951.1,39.535,43,26,0,45,87,1,43,0.021,41.2,69.77
lcl|ORF428_fragment12:2339:2602,WP_009569461.1,44.186,43,24,0,45,87,1,43,0.021,41.2,69.77
lcl|ORF428_fragment12:2339:2602,WP_125338183.1,41.860,43,25,0,45,87,1,43,0.021,41.2,72.09
lcl|ORF428_fragment12:2339:2602,WP_117275667.1,44.186,43,24,0,45,87,1,43,0.021,41.2,69.77
lcl|ORF428_fragment12:2339:2602,WP_125396091.1,44.186,43,24,0,45,87,1,43,0.021,41.2,69.77
lcl|ORF429_fragment12:2624:2734,WP_006585447.1,86.111,36,5,0,1,36,52,87,2.24e-10,59.3,97.22
lcl|ORF429_fragment12:2624:2734,WP_234975657.1,86.111,36,5,0,1,36,12,47,3.44e-10,57.8,97.22
lcl|ORF429_fragment12:2624:2734,WP_167802508.1,88.235,34,4,0,3,36,54,87,3.54e-09,56.2,94.12
lcl|ORF429_fragment12:2624:2734,WP_006586138.1,88.235,34,4,0,3,36,54,87,4.45e-09,56.2,94.12
lcl|ORF429_fragment12:2624:2734,WP_269254542.1,88.235,34,4,0,3,36,54,87,5.30e-09,55.8,94.12
lcl|ORF429_fragment12:2624:2734,WP_263595918.1,92.857,28,2,0,9,36,1,28,1.01e-06,48.5,96.43


